name	name_ja	url	country	industry	size	captive	note
ABC少額短期保険	ABC少額短期保険（株）		JP	insurance	sme		no website listed
All Right少額短期保険	（株）All Right少額短期保険	https://all-right-ins.co.jp/	JP	insurance	sme		
au少額短期保険	au少額短期保険（株）	https://au-ssi.com/	JP	insurance	sme	KDDI	
AWPチケットガード少額短期保険	AWPチケットガード少額短期保険（株）	https://www.ticketguard.jp/	JP	insurance	sme	Allianz	
Aライフ	Aライフ（株）	https://alife-ssi.co.jp/	JP	insurance	sme		
Chubb少額短期保険	Chubb少額短期保険（株）	https://www2.chubb.com/chintai-jp/	JP	insurance	sme	Chubb	
Emyii少額短期保険	（株）Emyii少額短期保険	https://emyii.co.jp/	JP	insurance	sme		
e-Net少額短期保険	e-Net少額短期保険（株）	http://www.e-netcom.co.jp/	JP	insurance	sme		
EZ少額短期保険	EZ少額短期保険（株）	https://ezssi.co.jp/	JP	insurance	sme		
FPC	（株）FPC	http://www.fpc-pet.co.jp/	JP	insurance	sme		pet
GMO少額短期保険	GMO少額短期保険（株）	https://gmo-minihoken.com/	JP	insurance	sme	GMO	
i-SMAS少額短期保険	i-SMAS少額短期保険（株）	https://www.i-smas.co.jp/	JP	insurance	sme		
MICIN少額短期保険	MICIN少額短期保険（株）	https://micin-insurance.jp/	JP	insurance	sme		digital health
MSプラスワン少額短期保険	MSプラスワン少額短期保険（株）	https://www.ms-plus1.com/	JP	insurance	sme	MS&AD	
Mysurance	Mysurance（株）	https://www.mysurance.co.jp/	JP	insurance	sme	Sompo	
Next少額短期保険	Next少額短期保険（株）	http://www.next-ssi.co.jp/	JP	insurance	sme		
PLT少額短期保険	PLT少額短期保険（株）	https://plt-ssi.co.jp/	JP	insurance	sme		
SANKO少額短期保険	（株）SANKO少額短期保険	http://www.sanko-syougakutanki.co.jp/	JP	insurance	sme		
SBIいきいき少額短期保険	SBIいきいき少額短期保険（株）	http://www.i-sedai.com/	JP	insurance	sme	SBI	
SBI常口セーフティ少額短期保険	SBI常口セーフティ少額短期保険（株）	http://www.safesafe.co.jp/	JP	insurance	sme	SBI	
SBI日本少額短期保険	SBI日本少額短期保険（株）	https://www.n-ssi.co.jp/	JP	insurance	sme	SBI	
SBIプリズム少額短期保険	SBIプリズム少額短期保険（株）	https://www.sbiprism.co.jp/	JP	insurance	sme	SBI	
SBIペット少額短期保険	SBIペット少額短期保険（株）	https://www.sbipet-ssi.co.jp/	JP	insurance	sme	SBI	
SBIリスタ少額短期保険	SBIリスタ少額短期保険（株）	https://www.sbiresta.co.jp/	JP	insurance	sme	SBI	
SSIきみどり	SSIきみどり（株）	https://www.ssi-k.com/	JP	insurance	sme		
Tokio Marine X 少額短期保険	Tokio Marine X 少額短期保険（株）	https://www.tokiomarine-x.co.jp/	JP	insurance	sme	Tokio Marine	
USEN少額短期保険	USEN少額短期保険（株）	https://usen-ssi.co.jp/	JP	insurance	sme	USEN	
ZEN少額短期保険	（株）ZEN少額短期保険	https://zen-ins.co.jp/	JP	insurance	sme		
ZuttoRide少額短期保険	ZuttoRide少額短期保険（株）	https://zuttoride-ssi.co.jp/	JP	insurance	sme		
アイアル少額短期保険	アイアル少額短期保険（株）	http://www.air-ins.co.jp/	JP	insurance	sme		
愛グループ少額短期保険	（株）愛グループ少額短期保険	https://aig-shotan.com/	JP	insurance	sme		
あおい少額短期保険	あおい少額短期保険（株）	http://aoi-ssi.com/	JP	insurance	sme		
あおぞら少額短期保険	あおぞら少額短期保険（株）	https://assi.co.jp/	JP	insurance	sme		
アクア少額短期保険	アクア少額短期保険（株）	http://www.aqua-ins.com/	JP	insurance	sme		
あさひ少額短期保険	あさひ少額短期保険（株）	http://asahi-ssi.jp/	JP	insurance	sme		
旭化成ホームズ少額短期保険	旭化成ホームズ少額短期保険（株）	https://www.asahi-kasei.co.jp/shoutan/	JP	insurance	sme	旭化成	
アシロ少額短期保険	（株）アシロ少額短期保険	https://kailash.co.jp/	JP	insurance	sme		
あすか少額短期保険	あすか少額短期保険（株）	http://www.asuka-ssi.co.jp/	JP	insurance	sme		
あそしあ少額短期保険	（株）あそしあ少額短期保険	http://www.associa-insurance.com/	JP	insurance	sme		
アフラック少額短期保険	アフラック少額短期保険（株）	https://www.aflac-asi.co.jp/	JP	insurance	sme	Aflac	
あんしん少額短期保険	あんしん少額短期保険（株）	https://www.ansin-ssi.com/	JP	insurance	sme		
イーペット少額短期保険	イーペット少額短期保険（株）	http://www.e-pet.co.jp/	JP	insurance	sme		pet
イオン少額短期保険	イオン少額短期保険（株）	http://www.aeonssi.co.jp/	JP	insurance	sme	AEON	
イズミ少額短期保険	イズミ少額短期保険（株）	http://www.izumi-ssi.co.jp/	JP	insurance	sme		
ウィズ少額短期保険	ウィズ少額短期保険（株）	https://www.with-ssi.com/	JP	insurance	sme		
エイ・ワン少額短期保険	エイ・ワン少額短期保険（株）	http://www.a1-ssi.com/	JP	insurance	sme		
エール少額短期保険	エール少額短期保険（株）	http://yell-lpi.co.jp/	JP	insurance	sme		
エタニティ少額短期保険	エタニティ少額短期保険（株）	http://www.eternity-ins.com/	JP	insurance	sme		
エヌシーシー少額短期保険	エヌシーシー少額短期保険（株）	http://ncc-shotan.jp/	JP	insurance	sme		
エポス少額短期保険	（株）エポス少額短期保険	http://www.epos-ssi.co.jp/	JP	insurance	sme	丸井	
オリーブ少額短期保険	オリーブ少額短期保険（株）	https://www.olive-ins.co.jp/	JP	insurance	sme		
きずな少額短期保険	（株）きずな少額短期保険	https://kizuna-ssi.jp/	JP	insurance	sme		
ギア少額短期保険	ギア少額短期保険（株）	https://www.gear-ssi.co.jp/	JP	insurance	sme		
クローバー少額短期保険	（株）クローバー少額短期保険	https://www.clover-ins.jp/	JP	insurance	sme		
健康年齢少額短期保険	健康年齢少額短期保険（株）	https://kenko-nenrei.co.jp/	JP	insurance	sme		scoring model is the product
さくら少額短期保険	さくら少額短期保険（株）	http://www.sakura-ssi.co.jp/	JP	insurance	sme		
シノケン少額短期保険	（株）シノケン少額短期保険	https://www.shinoken-ssi.com/	JP	insurance	sme	シノケン	
ジェイコム少額短期保険	ジェイコム少額短期保険（株）	https://www.jcom-ssi.co.jp/	JP	insurance	sme	JCOM	
ジャパン少額短期保険	ジャパン少額短期保険（株）	http://www.japan-insurance.jp/	JP	insurance	sme		
住宅保障共済会	（株）住宅保障共済会	http://www.kyousaikai.co.jp/	JP	insurance	sme		
少額短期保険ハウスガード	少額短期保険ハウスガード（株）	http://www.hg-ssi.com/	JP	insurance	sme		
スターツ少額短期保険	スターツ少額短期保険（株）	http://www.suma-pula-ssi.co.jp/	JP	insurance	sme	スターツ	
スマートプラス少額短期保険	スマートプラス少額短期保険（株）	https://www.smartplus-insurance.com/	JP	insurance	sme		
すまい共済	すまい共済（株）	http://www.sumaikyosai.com/	JP	insurance	sme		
スマイル少額短期保険	スマイル少額短期保険（株）	https://smile-ins.co.jp/	JP	insurance	sme		
セーフティージャパン・リスクマネジメント	セーフティージャパン・リスクマネジメント（株）	http://www.sjrm-ssi.co.jp/	JP	insurance	sme		
セキスイハイム不動産少額短期保険	セキスイハイム不動産少額短期保険（株）	http://sekifu-ssi.co.jp/	JP	insurance	sme	積水化学	
積水ハウスシャーメゾン少額短期保険	積水ハウスシャーメゾン少額短期保険（株）	https://mastsast.co.jp/	JP	insurance	sme	積水ハウス	
全管協少額短期保険	全管協少額短期保険（株）	https://www.zkssi.co.jp/	JP	insurance	sme		
ぜんち共済	ぜんち共済（株）	http://www.z-kyosai.com/	JP	insurance	sme		
全日ラビー少額短期保険	全日ラビー少額短期保険（株）	http://www.z-rabby.co.jp/	JP	insurance	sme		
第一スマート少額短期保険	第一スマート少額短期保険（株）	https://dsmart-ins.com	JP	insurance	sme	第一生命	
タイズ少額短期保険	タイズ少額短期保険（株）	https://vic-ssi.co.jp	JP	insurance	sme		
宅建ファミリー共済	（株）宅建ファミリー共済	http://www.takken-fk.co.jp/	JP	insurance	sme		
宅建ファミリーパートナー	（株）宅建ファミリーパートナー	https://www.takken-fp.co.jp	JP	insurance	sme		
ダブルエー少額短期保険	ダブルエー少額短期保険（株）	https://www.aa-ssi.co.jp/	JP	insurance	sme		
チューリッヒ少額短期保険	チューリッヒ少額短期保険（株）	https://www.zurichssi.co.jp/	JP	insurance	sme	Zurich	
賃貸少額短期保険	（株）賃貸少額短期保険	http://www.cjkk.co.jp/	JP	insurance	sme		
つばき少額短期保険	つばき少額短期保険（株）	http://www.tsubaki-hoken.co.jp	JP	insurance	sme		
デジタル少額短期保険	デジタル少額短期保険（株）	https://digital-ssi.com/	JP	insurance	sme		
東急少額短期保険	東急少額短期保険（株）	https://www.tssi.co.jp/	JP	insurance	sme	東急	
東京海上ウエスト少額短期保険	東京海上ウエスト少額短期保険（株）	http://www.twssi.co.jp/	JP	insurance	sme	Tokio Marine	
東京海上トラスト少額短期保険	東京海上トラスト少額短期保険（株）	https://www.trssi.co.jp/	JP	insurance	sme	Tokio Marine	
東京海上ミレア少額短期保険	東京海上ミレア少額短期保険（株）	http://www.tmssi.co.jp/	JP	insurance	sme	Tokio Marine	
富山常備健康クラブ	（株）富山常備健康クラブ	https://www.toyama-jobi-kc.com/	JP	insurance	sme		
ニッセイプラス少額短期保険	ニッセイプラス少額短期保険（株）	https://www.nissay-plus.co.jp	JP	insurance	sme	日本生命	
日本共済	日本共済（株）	http://www.nihonkyosai.com/	JP	insurance	sme		
日本ペット少額短期保険	日本ペット少額短期保険（株）	https://www.nihonpet.co.jp/	JP	insurance	sme		pet
ネットライフ火災少額短期保険	ネットライフ火災少額短期保険（株）	http://netlifekasai.co.jp/	JP	insurance	sme		
ハトネッツ少額短期保険	ハトネッツ少額短期保険（株）	https://www.hatossi.net/	JP	insurance	sme		
東日本少額短期保険	東日本少額短期保険（株）	http://www.hsth.jp/	JP	insurance	sme		
ビバビーダメディカルライフ	（株）ビバビーダメディカルライフ	https://vivavida.net/jp/	JP	insurance	sme		
ヒューマンライフ少額短期保険	ヒューマンライフ少額短期保険（株）	http://www.humanlife-s.co.jp/	JP	insurance	sme		
フェニックス少額短期保険	フェニックス少額短期保険（株）	http://phoenixssi.com/	JP	insurance	sme		
富士少額短期保険	富士少額短期保険（株）	http://www.fujishotan.co.jp/	JP	insurance	sme		
プラス少額短期保険	プラス少額短期保険（株）	https://www.plus-ins.co.jp/	JP	insurance	sme		
フレックス少額短期保険	フレックス少額短期保険（株）	https://flex-ins.co.jp/	JP	insurance	sme		
ふれんず少額短期保険	ふれんず少額短期保険（株）	https://f-takken.com/syoutan	JP	insurance	sme		
ブレイブ少額短期保険	ブレイブ少額短期保険（株）	https://brave-ss.co.jp	JP	insurance	sme		
フローラル共済	フローラル共済（株）	http://www.floral-shoutan.co.jp/	JP	insurance	sme		
ペットメディカルサポート	ペットメディカルサポート（株）	http://pshoken.co.jp/	JP	insurance	sme		pet
ペッツファースト＆グレイス少額短期保険	ペッツファースト＆グレイス少額短期保険（株）	https://www.pfirst-grace.co.jp/	JP	insurance	sme		pet
ベル少額短期保険	ベル少額短期保険（株）	http://www.bell-shotan.co.jp/	JP	insurance	sme		
ホープ少額短期保険	（株）ホープ少額短期保険	http://www.hope-ins.jp/	JP	insurance	sme		
まごころ少額短期保険	まごころ少額短期保険（株）	http://www.magocoro-ins.com/	JP	insurance	sme		
ミカタ少額短期保険	ミカタ少額短期保険（株）	https://mikata-ins.co.jp/	JP	insurance	sme		
みらい少額短期保険	みらい少額短期保険（株）	http://www.mirai-hoken.co.jp/	JP	insurance	sme		
メディカル少額短期保険	メディカル少額短期保険（株）	http://medical-ssi.co.jp/	JP	insurance	sme		
メモリード・ライフ	（株）メモリード・ライフ	http://memoleadlife.co.jp/	JP	insurance	sme		
もしあん少額短期保険	（株）もしあん少額短期保険	https://www.moshian.co.jp/	JP	insurance	sme		
ヤマダ少額短期保険	（株）ヤマダ少額短期保険	https://www.ymd-ssi.jp/	JP	insurance	sme	ヤマダ	
ユーミーLA少額短期保険	ユーミーLA少額短期保険（株）	http://www.la-shotan.com	JP	insurance	sme		
ユニバーサル少額短期保険	ユニバーサル少額短期保険（株）	http://www.u-ssi.co.jp/	JP	insurance	sme		
ライフ・ステージ少額短期保険	（株）ライフ・ステージ少額短期保険	https://life-stage-ssi.jp/	JP	insurance	sme		
楽天少額短期保険	楽天少額短期保険（株）	https://small-short-ins.rakuten.co.jp/	JP	insurance	sme	楽天	
リトルファミリー少額短期保険	リトルファミリー少額短期保険（株）	https://www.littlefamily-ssi.com/	JP	insurance	sme		
リボン少額短期保険	リボン少額短期保険（株）	https://ribon.com/	JP	insurance	sme		
レキオス少額短期保険	レキオス少額短期保険（株）	https://www.lequios-ins.co.jp/	JP	insurance	sme		
レジデントインシュアランス少額短期保険	レジデントインシュアランス少額短期保険（株）	https://mfhl.mitsui-chintai.co.jp/ri/	JP	insurance	sme	三井不動産	
ワーカーズ・コレクティブ共済	ワーカーズ・コレクティブ共済（株）	https://www.wco-kyousai.com/	JP	insurance	sme		
ワランティ少額短期保険	ワランティ少額短期保険（株）	https://wss.insurance	JP	insurance	sme		
ソニー少額短期保険	ソニー少額短期保険（株）	https://sony-sasti.jp/	JP	insurance	sme		formerly justInCase
